txid,store,productid,title,category_id,category,sales,price,commission,order_date,pid,affid1,status,added_at,last_updated
bu7h77oeparro,amazon,B0CPSRXW3C,"Inditrust 1pc Double Handle Grease Gun Coupler Lock Nozzle High Pressure For Manual Pneumatic Electric Grease Gun Coupler Quick Release Grease Nozzle 1/8""NPT 10000PSI, Compatible with All Grease Guns",60,Home Improvement,287.29,287.29,14.14,"2024-1-8, 00:00",pnb,pnb3172-21,approved,"2024-1-9, 10:20","2024-1-9, 10:20"
39h7avh73fa8g,amazon,B0CPPYHHF9,"PumPum Pregnancy Pillow, C Shaped Full Body Pillow for Maternity Support, Pregnant Women Sleeping Pillow with Velvet Cover (Dark Grey)",201,Home,846.61,846.61,34.71,"2024-1-8, 00:00",ocd,ocddf-21,approved,"2024-1-9, 10:20","2024-1-9, 10:20"
a8kl9nmddi9n7,amazon,B0CMT9CZQ3,"hago Laptop Accessories - Waterproof Gaming Mouse Pad, Vegan PU Leather Table Mat, Ideal for Work and Gaming (35 x 60 CM, Brown & Light Grey)",147,"Computers, Tablets & Components",321.19,321.19,10.54,"2024-1-8, 00:00",ocd,ocddf-21,approved,"2024-1-9, 10:20","2024-1-9, 10:20"
4u91l7ni8cb60,amazon,B0CKPKFTV1,Autokaar Car Door Handle Protector Sticker PU Finger Scratch Guard Transparent Universal for Toyota Innova/Hyryder/Fortuner/Glanza/Camry/Cruiser/Rumion/Crysta,263,Automotive,222.32,222.32,10.94,"2024-1-8, 00:00",pnb,pnb6625-21,approved,"2024-1-9, 10:20","2024-1-9, 10:20"
bio4d38dm4eha,amazon,B0CJRZTSXV,"KTU Reusable Face Razor For Women Facial Hair - 3 | Instant Glow & Painless Hair Removal | For Eyebrows, Upper Lip, Chin, Peach Fuzz, Forehead, Unibrow, Sideburns",194,Beauty & Grooming,62.71,62.71,2.57,"2024-1-8, 00:00",bing,bgms-21,approved,"2024-1-9, 10:20","2024-1-9, 10:20"
6te41ric7083u,amazon,B0CJNNNPLS,"AGARO HD-1120 2000 Watts Professional Hair Dryer with AC Copper Motor, Concentrator, Diffuser, Comb, Hot & Cold Air, 2 Speed 3 Temperature Settings with Cool Shot, For both Men & Women, Black",364,Health &amp; Personal Care Appliances,"1,312.72","1,312.72",53.82,"2024-1-8, 00:00",ocd,ocddf-21,approved,"2024-1-9, 10:20","2024-1-9, 10:20"
7nek9o3hp8jgj,amazon,B0CF3C76XL,ADAAZEL Large 45 L Tiranga Durable Fancy Modern Unisex school bags ofice bags Travel Laptop Bags Backpacks Royal Blue,198,Luggage,356.25,356.25,14.6,"2024-1-8, 00:00",ocd,ocddf-21,approved,"2024-1-9, 10:20","2024-1-9, 10:20"
cd3gf0kd174dc,amazon,B0CDQ92N3W,"Redmi 12 ( Moonstone Silver, 4GB RAM, 128B Storage )",107,Cell Phones & Accessories,"8,220.34","8,220.34",67.4,"2024-1-8, 00:00",pnb,pnb603-21,approved,"2024-1-9, 10:20","2024-1-9, 10:20"
fh38265vvo4ve,amazon,B0CDH5T7YL,KAYU Boys Solid Fleece Warm Sleeveless Jackets for Winters (Pack of 1) Yellow,193,Clothing & Accessories,846.61,846.61,34.71,"2024-1-8, 00:00",pnb,pnb6558-21,approved,"2024-1-9, 10:20","2024-1-9, 10:20"
4unm5d7450oap,amazon,B0C9QPM3BN,"OnePlus Nord CE 3 5G (Aqua Surge, 12GB RAM, 256GB Storage)",107,Cell Phones & Accessories,"22,880.50","22,880.50",281.43,"2024-1-8, 00:00",ocd,ocddf-21,approved,"2024-1-9, 10:20","2024-1-9, 10:20"
674l3cr5p1pld,amazon,B0C8NBKG8C,JIALTO 360° Rotatable Cleaning Mops Adjustable Triangle Floor Cleaner Mop with Stainless Steel Long Handle Push-Pull Squeezing Cleaning Mop Dry & Wet Mop for Floor Cleaning Mop for Home,60,Home Improvement,268.08,268.08,13.19,"2024-1-8, 00:00",pnb,pnb3427-21,approved,"2024-1-9, 10:20","2024-1-9, 10:20"
avjqala7tp73j,amazon,B0C6Y8F75R,JUST RIDER 2 In 1 Running Sports Shorts For Men With Mobile Phone Pocket Light Weight Quick Dry Fabric For Gym Athletic Workout Running Shorts Lightweight Training Yoga Short With Towel Loop(M)Black,193,Clothing & Accessories,474.29,474.29,19.44,"2024-1-8, 00:00",pnb,pnb7121-21,approved,"2024-1-9, 10:20","2024-1-9, 10:20"
fs2gmmn00b06k,amazon,B0C4FFBXV8,"Lava A1 Josh with BOL Keypad Mobile, Bolne wala Phone, Message Speak, Caller Speak, Number Speak, 1000mAh Battery Blue Silver",107,Cell Phones & Accessories,792.37,792.37,3.25,"2024-1-8, 00:00",pnb,pnb2844-21,approved,"2024-1-9, 10:20","2024-1-9, 10:20"
9b4n716mc64ig,amazon,B0C3XW2RV9,VIMAL JONNEY Regular fit Cotton Trackpant for Women (Pack of 2)-D10_BLK_NVY_002-XXL,193,Clothing & Accessories,560.04,560.04,22.96,"2024-1-8, 00:00",ocd,ocddf-21,approved,"2024-1-9, 10:20","2024-1-9, 10:20"
8eh05ontkdios,amazon,B0BZWWQDWD,Assamese Toss cotton single Riha by senehi,193,Clothing & Accessories,570.48,570.48,23.39,"2024-1-8, 00:00",pnb,pnb7160-21,cancelled,"2024-1-9, 10:20","2024-1-9, 10:20"
4iqqk4r90mh6m,amazon,B0BXNVPRGS,"Philips Battery Powered SkinProtect Beard Trimmer for Men - Lasts 4x Longer, DuraPower Technology, Cordless Rechargeable with USB Charging, Charging Indicator, Travel Lock, No Oil Needed BT1232/18",364,Health &amp; Personal Care Appliances,674.58,674.58,27.66,"2024-1-8, 00:00",ocd,ocddf-21,approved,"2024-1-9, 10:20","2024-1-9, 10:20"
c9ktbuhro2ja6,amazon,B0BVWQ3FTP,"PRS Ayurveda Neem Oil 225ml - Pure Cold Pressed for Skin & Hair - Reduces Pimples, Boosts Hair Growth - Natural Remedy for Acne and Scalp Health",194,Beauty & Grooming,285,285,11.69,"2024-1-8, 00:00",ocd,ocddf-21,approved,"2024-1-9, 10:20","2024-1-9, 10:20"
3ra6jvkapqadv,amazon,B0BKPZFGFC,"DHOTRA 700 GSM, Microfiber Double Layered Cloth Extra Thick Microfiber Cleaning Cloths Perfect for Bike, Auto, Cars (Size 40cm x 40cm) (Pack of 2) (700 GSM)",263,Automotive,237.14,237.14,11.67,"2024-1-8, 00:00",bing,bgms-21,approved,"2024-1-9, 10:20","2024-1-9, 10:20"
6m9g0e7ltlau8,amazon,B0BGCQ2DP9,"HB PLUS Selfie Stick, Extendable Selfie Stick with Wireless Remote and Tripod Stand, Portable, Lightweight, Compatible with All Smartphone and Mobile (Black Color)",421,"Camera, Photo & Video",272.03,272.03,11.15,"2024-1-8, 00:00",pnb,pnb7161-21,approved,"2024-1-9, 10:20","2024-1-9, 10:20"
davnemnk7c9jf,amazon,B0BF9TWMMJ,"Speedex Stainless Steel 1000 ML Water Bottle/Thunder for fridge/School/Outdoor/Gym/Home/office/Boys/Girls/Kids, Leak Proof And BPA Free(PASTEL BLUE COLOUR, SIPPER CAP, SET OF 1, 1 LITRE)",79,Kitchen & Dining,356.25,356.25,17.53,"2024-1-8, 00:00",ocd,ocddf-21,approved,"2024-1-9, 10:20","2024-1-9, 10:20"
avmpij5iv223t,amazon,B0B4HHM45G,"Men Night wear Pajama (Single) (XL) Yellow",193,Clothing & Accessories,242.86,242.86,9.95,"2024-1-8, 00:00",pnb,pnb7058-21,approved,"2024-1-9, 10:20","2024-1-9, 10:20"
27a2e4m8hu90a,amazon,B0B45VRBV7,Teri Beri Muslin Cotton Face Towels for Newborn Baby Extra Soft Hankies Reusable Napkins for Infants Toddlers (Pack of 5) White,201,Home,357.14,357.14,14.65,"2024-1-8, 00:00",ocd,ocddf-21,approved,"2024-1-9, 10:20","2024-1-9, 10:20"
4ji5do9i030rg,amazon,B09WKKYXNJ,OTUS Men's Cotton Casual Slim Fit Solid Grey Shirt (Grey; X-Large),193,Clothing & Accessories,379.05,379.05,15.54,"2024-1-8, 00:00",ocd,ocddf-21,approved,"2024-1-9, 10:20","2024-1-9, 10:20"
dh8a2a3i2pej5,amazon,B09T22BMWS,LOREM Stylish Genuine Rexine Laptop Messenger Bag/Shoulder Messenger Bag With Detachable Strap Sling Office Bag For Men (Fz-Bg07),309,"Shoes, Handbags, Wallets, Sunglasses","1,016.10","1,016.10",41.66,"2024-1-8, 00:00",ocd,ocddf-21,approved,"2024-1-9, 10:20","2024-1-9, 10:20"
40mglb5d2ackm,amazon,B09PLCFV29,BATH GURU ABS Wall Mounted Soap Shampoo Sanitizer Lotion Gel Dispenser Liquid Handwash Soap Dispenser for Bathroom Kitchen 300 Ml Pack of 1 Push Black,60,Home Improvement,279.66,279.66,13.76,"2024-1-8, 00:00",pnb,pnb6983-21,approved,"2024-1-9, 10:20","2024-1-9, 10:20"
cuugk1dut3tm2,amazon,B09MVV56RR,"LuvLap Pant Style Baby Diapers, New Born/X-Small (NB/XS), 30 Count, For babies of Upto 5Kg with Aloe Vera Lotion for rash protection, with upto 12hr protection, Diapers",75,Baby & Nursery,195.54,195.54,9.62,"2024-1-8, 00:00",pnb,pnb4847-21,approved,"2024-1-9, 10:20","2024-1-9, 10:20"
8vl6phjg0vlln,amazon,B094QCV9S6,Adidas Men Mesh Adi-Shawt M Running Shoe CBLACK/Stone/BLUNIT (UK-10),309,"Shoes, Handbags, Wallets, Sunglasses","1,914.41","1,914.41",78.49,"2024-1-8, 00:00",ocd,ocddf-21,approved,"2024-1-9, 10:20","2024-1-9, 10:20"
6v128hkq4c5ge,amazon,B08WRKSF9D,"V-Guard V-Guard Divino 5 Star Rated 15 Litre Storage Water Heater (Geyser) with Advanced Safety Features, White",79,Kitchen & Dining,"5,592.37","5,592.37",275.14,"2024-1-8, 00:00",ocd,ocddf-21,approved,"2024-1-9, 10:20","2024-1-9, 10:20"
76eo68o32mvtl,amazon,B08PBY7L13,"The Man Company Lightening Lip Balm for Dry, Chapped, Dark and Smoky Lips - 4gm | Moisturizes, Nourishes & Soften Lips with the power of Vitamin E, Coconut & Olive Oil",194,Beauty & Grooming,140.68,140.68,5.76,"2024-1-8, 00:00",ocd,ocddf-21,approved,"2024-1-9, 10:20","2024-1-9, 10:20"
akoso500fd4ag,amazon,B08MGMF9ZL,"L'Oreal Paris Serum, Protection and Shine, For Dry, Flyaway & Frizzy Hair, With 6 Rare Flower Oils, Extraordinary Oil, 30ml",194,Beauty & Grooming,202.54,202.54,8.31,"2024-1-8, 00:00",pnb,pnb7123-21,approved,"2024-1-9, 10:20","2024-1-9, 10:20"
2ogkcgb09283s,amazon,B08J7WNB5D,JAF 6155 Makeup kit and 5 Pieces Brush and 2 Pieces Blender Puff Combo - Multicolor,194,Beauty & Grooming,250,250,10.25,"2024-1-8, 00:00",ocd,ocddf-21,approved,"2024-1-9, 10:20","2024-1-9, 10:20"
148a0ndq3f421,amazon,B08HSTYT8N,DiSano Pure Honey 500 g (pack of 1),325,Grocery & Gourmet Food,94.29,94.29,6.18,"2024-1-8, 00:00",ocd,ocddf-21,approved,"2024-1-9, 10:20","2024-1-9, 10:20"
fo34m8bd79sl8,amazon,B08CSKH27R,"FEDUS Cat6 Ethernet Cable, 15 Meter High Speed 550MHZ / 10 Gigabit Speed UTP LAN Cable, Network Cable Internet Cable RJ45 Cable LAN Wire, Patch Computer Cord Gigabit Category 6 Wires for Modem",147,"Computers, Tablets & Components",317.8,317.8,10.42,"2024-1-8, 00:00",pnb,pnb2555-21,approved,"2024-1-9, 10:20","2024-1-9, 10:20"
66p9ekh2fq644,amazon,B08C1FY7KN,"Hawkins Futura Long Body Handle with Screw, Spring Washer and Nut for 5 Litre to 7 Litre Futura Pressure Cooker | 5.5 Litre Futura Stainless Steel Pressure Cooker (F5901), Black, Standard",79,Kitchen & Dining,233.05,233.05,11.46,"2024-1-8, 00:00",scandid_web,shoppingwish-21,approved,"2024-1-9, 10:20","2024-1-9, 10:20"
fp8mtio0s2k1e,amazon,B08BWSMYBQ,"ROLLYWARE Premium 100% Stainless Steel Push Clip Lockable Technology Hangers for Clothes Velvet, Trouser, Saree, Pants Skirt Wardrobe Pack of 10",201,Home,588.4,588.4,24.12,"2024-1-8, 00:00",ocd,ocddf-21,approved,"2024-1-9, 10:20","2024-1-9, 10:20"
e9cfihdqjp2rg,amazon,B085KTJZ6K,"HealthyHey Nutrition Zinc Citrate, Supports Immune and Immunity - 120 Veg Capsules",121,Health & Household,481.36,481.36,19.74,"2024-1-8, 00:00",ocd,ocddf-21,approved,"2024-1-9, 10:20","2024-1-9, 10:20"
ea54d9poo1cbj,amazon,B085J5Y9CR,Google Play recharge code - Digital Voucher,644,Other,700,700,2.46,"2024-1-8, 00:00",ocd,ocddf-21,approved,"2024-1-9, 10:20","2024-1-9, 10:20"
9o1g24hn5erjc,amazon,B083K1Y326,BAHAR Dry Fruits & Nuts With Pure and Natural Honey 500gm,325,Grocery & Gourmet Food,476.19,476.19,31.24,"2024-1-8, 00:00",ocd,ocddf-21,approved,"2024-1-9, 10:20","2024-1-9, 10:20"
67eqq0fr2qee8,amazon,B07WJGLB18,"Zandu Satavarex Granules, 210 g, Enriched with Satavari/Shatavari, Clinically Tested, Natural and Safe, Scientifically Proven",121,Health & Household,238.4,238.4,9.77,"2024-1-8, 00:00",pnb,pnb4847-21,approved,"2024-1-9, 10:20","2024-1-9, 10:20"
315o73m2ftkul,amazon,B07W3MX8CK,"Nikunj Dhaba Special Leaf Tea, 1kg - India's No.1 Tea Brand, Get Assured Rs.50 Cashback",325,Grocery & Gourmet Food,160.95,160.95,10.56,"2024-1-8, 00:00",pnb,pnb2614-21,approved,"2024-1-9, 10:20","2024-1-9, 10:20"
fbi9secjvpu9l,amazon,B07ST44K87,Acnos® Premium 3 Color Army Shockproof Waterproof Digital Sports Watch for Mens Kids Sports Watch for Boys - Military Army Watch for Men (1.Green),241,Watches,278.22,278.22,11.41,"2024-1-8, 00:00",bing,bgms-21,approved,"2024-1-9, 10:20","2024-1-9, 10:20"
dihln90h2gpfu,amazon,B07RBKR73C,BEVI BEVI - Home Super Solid Yellow 144 TC Microfiber Double King Bedsheet with 2 Pillow Cover -(Plain Yellow),201,Home,475.24,475.24,19.48,"2024-1-8, 00:00",ocd,ocddf-21,approved,"2024-1-9, 10:20","2024-1-9, 10:20"
bbtrcaoptd1mk,amazon,B07Q4Q8YH9,boAt BassHeads 225 in-Ear Wired Earphones,23,Electronic Components & Home Audio,592.37,592.37,24.29,"2024-1-8, 00:00",ocd,ocddf-21,approved,"2024-1-9, 10:20","2024-1-9, 10:20"
cd7egq9d6ar51,amazon,B07N1R4X3G,POPIO Tempered Glass for Apple iPhone XR (Transparent)-Edge to Edge Full Screen Coverage,353,Wireless Accessories,253.39,253.39,8.31,"2024-1-8, 00:00",pnb,pnb7120-21,approved,"2024-1-9, 10:20","2024-1-9, 10:20"
8j6r8ospk47fv,amazon,B07MFJN3D7,WRIGHTRACK Analogue Men's Watch (White Dial Brown Colored Strap),241,Watches,334.75,334.75,13.73,"2024-1-8, 00:00",ocd,ocddf-21,approved,"2024-1-9, 10:20","2024-1-9, 10:20"
a276ptnqo18kb,amazon,B07J9MNNNY,"Cetaphil Moisturising Lotion For Face & Body, Normal To Dry Skin,500 Ml",194,Beauty & Grooming,"1,287.29","1,287.29",52.78,"2024-1-8, 00:00",ocd,ocddf-21,approved,"2024-1-9, 10:20","2024-1-9, 10:20"
4e2pojgfpbhfc,amazon,B07H2FVBM3,"Amazon Brand - Vedaka Yellow Mustard Seeds, 200g",325,Grocery & Gourmet Food,33.34,33.34,2.19,"2024-1-8, 00:00",pnb,pnb4044-21,approved,"2024-1-9, 10:20","2024-1-9, 10:20"
41kko6linhffn,amazon,B07FKLCYD5,"GOCART WITH G LOGO Weightlifting Gloves with 12"" Wrist Wrap Support for Gym, Power Lifting, Workout, Weightlifting, Cross fit, Fitness, Sports for Men and Women - Microfiber , Blue",200,Sports & Fitness,338.14,338.14,16.64,"2024-1-8, 00:00",bing,bgms-21,approved,"2024-1-9, 10:20","2024-1-9, 10:20"
6gbvqmmd7lv7h,amazon,B07DPQSPPW,Allen Solly Men's Cotton Hooded Neck Sweatshirt (ASSTORGPU54830XL_Maroon 19-1726 TCX_Maroon_XL),193,Clothing & Accessories,989.52,989.52,40.57,"2024-1-8, 00:00",ocd,ocddf-21,approved,"2024-1-9, 10:20","2024-1-9, 10:20"
1escq2ab7sam,amazon,B07D1CMV1M,Gas bill payment,644,Other,"1,177","1,177",2.46,"2024-1-8, 00:00",ocd,ocddf-21,approved,"2024-1-9, 10:20","2024-1-9, 10:20"
7243m0mf9c970,amazon,B07CDY1XJZ,"Amazon Brand - Vedaka Vedaka Whole Jeera (Cumin), 100g",325,Grocery & Gourmet Food,94.28,94.28,6.18,"2024-1-8, 00:00",pnb,pnb4044-21,approved,"2024-1-9, 10:20","2024-1-9, 10:20"
77p3sfsklv89j,amazon,B07BL6YJB2,"Amazon Brand - Vedaka Popular Red Masoor Dal Split, 1kg|Rich in Protein|No Cholesterol|No Additives",325,Grocery & Gourmet Food,119.04,119.04,7.81,"2024-1-8, 00:00",pnb,pnb4044-21,approved,"2024-1-9, 10:20","2024-1-9, 10:20"
eungn6dh87tpj,amazon,B07BH5CR7P,Timex Analog Black Dial Men's Watch-TW000U934,241,Watches,"1,777.12","1,777.12",72.87,"2024-1-8, 00:00",ocd,ocddf-21,cancelled,"2024-1-9, 10:20","2024-1-9, 10:20"
d8nvnu4c98sk3,amazon,B079SBGWJR,DTH recharge,644,Other,370,370,2.46,"2024-1-8, 00:00",ocd,ocddf-21,approved,"2024-1-9, 10:20","2024-1-9, 10:20"
eiuhrm22lobi7,amazon,B079H8D8M6,"Tata Sampann Turmeric Powder With Natural Oils, 200g",325,Grocery & Gourmet Food,48.58,48.58,3.19,"2024-1-8, 00:00",pnb,pnb4044-21,approved,"2024-1-9, 10:20","2024-1-9, 10:20"
67tv4l5sr3cao,amazon,B06Y5QNWJQ,"Amazon Brand - Solimo Microfiber Reversible Comforter, Double (Vivid Pink & Majestic Purple, 200 GSM)",201,Home,"1,338.40","1,338.40",54.87,"2024-1-8, 00:00",pnb,pnb6941-21,cancelled,"2024-1-9, 10:20","2024-1-9, 10:20"
cu374287r1q37,amazon,B01N54ZM9W,ASIAN Asian shoes Men's Running Shoes Grey Firozi Mesh 8 UK/Indian,309,"Shoes, Handbags, Wallets, Sunglasses",534.82,534.82,21.93,"2024-1-8, 00:00",pnb,pnb7135-21,approved,"2024-1-9, 10:20","2024-1-9, 10:20"
93rbhsqj6vrmb,amazon,B01LTHND2O,Amazon Pay balance: Money,610,Other,70,70,0,"2024-1-8, 00:00",ocd,ocddf-21,approved,"2024-1-9, 10:20","2024-1-9, 10:20"
2m30sj90no0sm,amazon,B01DY8BZ4O,Kent Ro Spares: Inline Sediment Filter 10 inch & Pre Carbon Filter Set 8 inch,79,Kitchen & Dining,805.08,805.08,39.61,"2024-1-8, 00:00",scandid_web,shoppingwish-21,approved,"2024-1-9, 10:20","2024-1-9, 10:20"
45262ln72li6e,amazon,B00L8X6944,"Intersand Cat Exclusive Scoopable Cat Litter, 10 kg",199,Pet Food & Supplies,"1,040.93","1,040.93",42.68,"2024-1-8, 00:00",ocd,ocddf-21,approved,"2024-1-9, 10:20","2024-1-9, 10:20"
49tldn824p4lj,amazon,B00JURCVA6,Amazon Pay eGift Card --  Congratulations!,397,Other Gift Card Brands,200,200,0,"2024-1-8, 00:00",ocd,ocddf-21,approved,"2024-1-9, 10:20","2024-1-9, 10:20"
2q2trbbpl4fm2,amazon,B005MMTON0,"Butterfly Curve Stainless Steel Pressure Cooker, 3 Litre",79,Kitchen & Dining,"1,426.79","1,426.79",70.2,"2024-1-8, 00:00",ocd,ocddf-21,approved,"2024-1-9, 10:20","2024-1-9, 10:20"
3su3nnmqdvne6,amazon,8175351314,My Blue Book Of Grammer With Answer,14,Books & Textbooks,425,425,17.42,"2024-1-8, 00:00",bing,bgms-21,approved,"2024-1-9, 10:20","2024-1-9, 10:20"
2lqb1ohn7allr,amazon,B0821XB1Q6,Insurance Premium Payment,644,Other,"8,019.34","8,019.34",2.46,"2024-1-8, 00:00",pnb,pnb1118-21,approved,"2024-1-9, 10:20","2024-1-9, 10:20"
1nkf818ktqiak,amazon,B0821XB1Q6,Insurance Premium Payment,644,Other,"1,985.70","1,985.70",2.46,"2024-1-8, 00:00",ocd,ocddf-21,approved,"2024-1-9, 10:20","2024-1-9, 10:20"
6nud7mgcn6ckn,amazon,B07D1FBTJB,Electricity bill payment,644,Other,839,839,2.46,"2024-1-8, 00:00",pnb,pnb1575-21,approved,"2024-1-9, 10:20","2024-1-9, 10:20"
e4cvhe1b69o1k,amazon,B07575FPC3,Tata Salt | Vacuum Evaporated Iodised Salt | 1 kg,325,Grocery & Gourmet Food,25,25,1.64,"2024-1-8, 00:00",pnb,pnb4044-21,approved,"2024-1-9, 10:20","2024-1-9, 10:20"
61n0ogi2f9skp,amazon,B07575FPC3,Tata Salt | Vacuum Evaporated Iodised Salt | 1 kg,325,Grocery & Gourmet Food,20,20,1.31,"2024-1-8, 00:00",ocd,ocddf-21,approved,"2024-1-9, 10:20","2024-1-9, 10:20"
9flkdou9rlr29,amazon,B01LTI9KAW,Mobile Prepaid Recharge,644,Other,239,239,2.46,"2024-1-8, 00:00",pnb,pnb6997-21,approved,"2024-1-9, 10:20","2024-1-9, 10:20"
78u9d48o64rsf,amazon,B01LTI9KAW,Mobile Prepaid Recharge,644,Other,239,239,2.46,"2024-1-8, 00:00",pnb,pnb4012-21,approved,"2024-1-9, 10:20","2024-1-9, 10:20"
ehvn9g7u5a5h0,amazon,B0CQLJBBJK,Longway Hot-Max 2000/1000 Watts Room Heater with Adjustable Thermostat | ISI certified (White),79,Kitchen & Dining,677.12,677.12,33.32,"2024-1-8, 00:00",ocd,ocddf-21,approved,"2024-1-9, 10:20","2024-1-9, 10:20"
bao6rnn64qcro,amazon,B0CQLJBBJK,Longway Hot-Max 2000/1000 Watts Room Heater with Adjustable Thermostat | ISI certified (White),79,Kitchen & Dining,677.12,677.12,33.32,"2024-1-8, 00:00",ocd,ocddf-21,approved,"2024-1-9, 10:20","2024-1-9, 10:20"
d5i8cgco2dpp8,amazon,B0B4W1KQSS,BSB HOME Premium Double Bedsheet with 2 Pillow Covers - 160 TC Supersoft Glace Cotton - Breathable & Wrinkle Free - 3 Pcs Set | Dark Green Small Leaf,201,Home,311.61,311.61,12.78,"2024-1-8, 00:00",pnb,pnb7049-21,approved,"2024-1-9, 10:20","2024-1-9, 10:20"
3mt407e8pikm0,amazon,B0B4W1KQSS,BSB HOME Premium Double Bedsheet with 2 Pillow Covers - 160 TC Supersoft Glace Cotton - Breathable & Wrinkle Free - 3 Pcs Set | Dark Green Small Leaf,201,Home,311.61,311.61,12.78,"2024-1-8, 00:00",pnb,pnb7049-21,approved,"2024-1-9, 10:20","2024-1-9, 10:20"
amfusnh5lggsd,amazon,B09V85Z1PF,"AirCase Gizga Essentials (25cm x 21cm) Gaming Mouse Pad, Laptop Desk Mat, Computer Mouse Pad with Smooth Mouse Control, Mercerized Surface, Antifray Stitched Embroidery Edges, Anti-Slip Rubber Base",147,"Computers, Tablets & Components",75.42,75.42,2.48,"2024-1-8, 00:00",ocd,ocddf-21,approved,"2024-1-9, 10:20","2024-1-9, 10:20"
5aute2cdjlrb3,amazon,B09V85Z1PF,"AirCase Gizga Essentials (25cm x 21cm) Gaming Mouse Pad, Laptop Desk Mat, Computer Mouse Pad with Smooth Mouse Control, Mercerized Surface, Antifray Stitched Embroidery Edges, Anti-Slip Rubber Base",147,"Computers, Tablets & Components",75.42,75.42,2.48,"2024-1-8, 00:00",ocd,ocddf-21,approved,"2024-1-9, 10:20","2024-1-9, 10:20"
8jo9tro3e5lo8,amazon,B09V851N18,"AirCase GIZGA essentials (25cm x 21cm Gaming Mouse Pad, Laptop Desk Mat, Computer Mouse Pad with Smooth Mouse Control, Mercerized Surface, Antifray Stitched Embroidery Edges, Anti-Slip Rubber Base",147,"Computers, Tablets & Components",70.34,70.34,2.3,"2024-1-8, 00:00",ocd,ocddf-21,approved,"2024-1-9, 10:20","2024-1-9, 10:20"
fiqd30erk67tk,amazon,B09V851N18,"AirCase GIZGA essentials (25cm x 21cm Gaming Mouse Pad, Laptop Desk Mat, Computer Mouse Pad with Smooth Mouse Control, Mercerized Surface, Antifray Stitched Embroidery Edges, Anti-Slip Rubber Base",147,"Computers, Tablets & Components",70.34,70.34,2.3,"2024-1-8, 00:00",ocd,ocddf-21,approved,"2024-1-9, 10:20","2024-1-9, 10:20"
c29qlalqscdee,amazon,B08T74TGXC,"Heltus Hot Water Bag, Heating Bag, Hot Water Bags for Pain Relief, Heating Bag Electric, Heating Pad-Heat Pouch Hot Water Bottle Bag, Electric Hot Water Bag| Multi Colour",364,Health &amp; Personal Care Appliances,132.38,132.38,5.43,"2024-1-8, 00:00",ocd,ocddf-21,approved,"2024-1-9, 10:20","2024-1-9, 10:20"
fn6s17foflalb,amazon,B08T74TGXC,"Heltus Hot Water Bag, Heating Bag, Hot Water Bags for Pain Relief, Heating Bag Electric, Heating Pad-Heat Pouch Hot Water Bottle Bag, Electric Hot Water Bag| Multi Colour",364,Health &amp; Personal Care Appliances,132.38,132.38,5.43,"2024-1-8, 00:00",ocd,ocddf-21,approved,"2024-1-9, 10:20","2024-1-9, 10:20"
2a624giisohcn,amazon,B07WHS7MZ4,"iQOO Z7s 5G by vivo (Norway Blue, 6GB RAM, 128GB Storage) | Ultra Bright AMOLED Display | Snapdragon 695 5G 6nm Processor | 64 MP OIS Ultra Stable Camera | 44WFlashCharge",107,Cell Phones & Accessories,"13,558.50","13,558.50",0,"2024-1-8, 00:00",ypr,yprsc-21,approved,"2024-1-9, 10:20","2024-1-9, 10:20"
fco0uuvdhhu6,amazon,B07WHS7MZ4,"iQOO Z7s 5G by vivo (Norway Blue, 6GB RAM, 128GB Storage) | Ultra Bright AMOLED Display | Snapdragon 695 5G 6nm Processor | 64 MP OIS Ultra Stable Camera | 44WFlashCharge",107,Cell Phones & Accessories,"13,558.50","13,558.50",0,"2024-1-8, 00:00",ypr,yprsc-21,approved,"2024-1-9, 10:20","2024-1-9, 10:20"
5iuis38pkt8c8,amazon,B07JVTFGVV,"Huggies Complete Comfort Wonder Pants, Extra Small (0-5kg) Size Baby Diaper Pants, (24 count) with 5 in 1 Comfort",75,Baby & Nursery,154.46,154.46,7.6,"2024-1-8, 00:00",pnb,pnb4847-21,approved,"2024-1-9, 10:20","2024-1-9, 10:20"
2iopb3rs1bvj1,amazon,B07JVTFGVV,"Huggies Complete Comfort Wonder Pants, Extra Small (0-5kg) Size Baby Diaper Pants, (24 count) with 5 in 1 Comfort",75,Baby & Nursery,154.46,154.46,7.6,"2024-1-8, 00:00",pnb,pnb4847-21,approved,"2024-1-9, 10:20","2024-1-9, 10:20"
drlqq9s8faege,amazon,B07JQTFM2V,"Ananda Pure Ghee Pack, 900ml",325,Grocery & Gourmet Food,409.82,409.82,26.89,"2024-1-8, 00:00",ocd,ocddf-21,approved,"2024-1-9, 10:20","2024-1-9, 10:20"
7d6iruntjhm0p,amazon,B07JQTFM2V,"Ananda Pure Ghee Pack, 900ml",325,Grocery & Gourmet Food,409.82,409.82,26.89,"2024-1-8, 00:00",ocd,ocddf-21,approved,"2024-1-9, 10:20","2024-1-9, 10:20"
6qisjc6jd21cn,amazon,B07D1CD9MX,Landline bill payment,644,Other,677.41,677.41,2.46,"2024-1-8, 00:00",ocd,ocddf-21,approved,"2024-1-9, 10:20","2024-1-9, 10:20"
162sd22n8570l,amazon,B07D1CD9MX,Landline bill payment,644,Other,677.41,677.41,2.46,"2024-1-8, 00:00",ocd,ocddf-21,approved,"2024-1-9, 10:20","2024-1-9, 10:20"
3h6kd3jgft9ke,amazon,B06XH9QPX2,"FORTUNE Fortune Oil, 1 L Pouch Premium Kachi Ghani Pure Mustard",325,Grocery & Gourmet Food,120.96,120.96,7.94,"2024-1-8, 00:00",pnb,pnb4044-21,approved,"2024-1-9, 10:20","2024-1-9, 10:20"
407m9dlq95dt6,amazon,B06XH9QPX2,"FORTUNE Fortune Oil, 1 L Pouch Premium Kachi Ghani Pure Mustard",325,Grocery & Gourmet Food,120.96,120.96,7.94,"2024-1-8, 00:00",pnb,pnb4044-21,approved,"2024-1-9, 10:20","2024-1-9, 10:20"
b29psp3accf21,amazon,B074N7X8XV,"Emami Healthy and Tasty Refined Rice Bran Oil Pouch, 1L",325,Grocery & Gourmet Food,100,100,6.56,"2024-1-8, 00:00",pnb,pnb4044-21,approved,"2024-1-9, 10:20","2024-1-9, 10:20"
3k7irkc72dv6d,amazon,B074N7X8XV,"Emami Healthy and Tasty Refined Rice Bran Oil Pouch, 1L",325,Grocery & Gourmet Food,100,100,6.56,"2024-1-8, 00:00",pnb,pnb4044-21,approved,"2024-1-9, 10:20","2024-1-9, 10:20"
c9scn1ukafn0a,amazon,B074N7X8XV,"Emami Healthy and Tasty Refined Rice Bran Oil Pouch, 1L",325,Grocery & Gourmet Food,101.9,101.9,6.68,"2024-1-8, 00:00",ocd,ocddf-21,approved,"2024-1-9, 10:20","2024-1-9, 10:20"
368kuhomka4iv,amazon,B074N7X8XV,"Emami Healthy and Tasty Refined Rice Bran Oil Pouch, 1L",325,Grocery & Gourmet Food,101.9,101.9,6.68,"2024-1-8, 00:00",ocd,ocddf-21,approved,"2024-1-9, 10:20","2024-1-9, 10:20"
219js4qqv8f5h,amazon,B07QP9PTZP,LPG cylinder booking,644,Other,910.1,910.1,2.46,"2024-1-8, 00:00",ocd,ocddf-21,approved,"2024-1-9, 10:20","2024-1-9, 10:20"
b72eugh7urtlh,amazon,B07QP9PTZP,LPG cylinder booking,644,Other,910.1,910.1,2.46,"2024-1-8, 00:00",ocd,ocddf-21,approved,"2024-1-9, 10:20","2024-1-9, 10:20"
e0p4bn5h3d17i,amazon,B07QP9PTZP,LPG cylinder booking,644,Other,910.1,910.1,2.46,"2024-1-8, 00:00",ocd,ocddf-21,approved,"2024-1-9, 10:20","2024-1-9, 10:20"
dsq9s2ette1c9,amazon,B07QP9PTZP,LPG cylinder booking,644,Other,910.1,910.1,2.46,"2024-1-8, 00:00",ocd,ocddf-21,approved,"2024-1-9, 10:20","2024-1-9, 10:20"
6jo50t38reomg,amazon,B07QP9PTZP,LPG cylinder booking,644,Other,910.1,910.1,2.46,"2024-1-8, 00:00",ocd,ocddf-21,approved,"2024-1-9, 10:20","2024-1-9, 10:20"
